Code,Family,Wind sector,Distance (miles),Order,Mark,Side,Rounding
A1,A,N-NNE,2.2,1,Ballast Hole,S,
A1,A,N-NNE,2.2,2,Mumbys,P,
A1,A,N-NNE,2.2,3,Topper,P,
A1,A,N-NNE,2.2,4,Northey Point,S,
A1,A,N-NNE,2.2,5,Millbeach,P,
A1,A,N-NNE,2.2,6,Club Line Gate,P,
A1,A,N-NNE,2.2,7,Lock,P,
A1,A,N-NNE,2.2,8,Boundary,P,
A1,A,N-NNE,2.2,9,Finish,,
A2,A,N-NNE,3.0,1,Ballast Hole,S,
A2,A,N-NNE,3.0,2,Clarks,P,
A2,A,N-NNE,3.0,3,Sandy Bight,P,
A2,A,N-NNE,3.0,4,Mumbys,P,
A2,A,N-NNE,3.0,5,Muddy Cove,P,
A2,A,N-NNE,3.0,6,Topper,P,
A2,A,N-NNE,3.0,7,Millbeach,P,
A2,A,N-NNE,3.0,8,Club Line Gate,,
A2,A,N-NNE,3.0,9,Lock,P,
A2,A,N-NNE,3.0,10,Boundary,P,
A2,A,N-NNE,3.0,11,Finish,,
A3,A,N-NNE,4.2,1,Ballast Hole,S,
A3,A,N-NNE,4.2,2,Midway,P,
A3,A,N-NNE,4.2,3,Osea Road,P,
A3,A,N-NNE,4.2,4,Midway,P,
A3,A,N-NNE,4.2,5,Osea Road,P,
A3,A,N-NNE,4.2,6,Northey Point,S,
A3,A,N-NNE,4.2,7,Millbeach,P,
A3,A,N-NNE,4.2,8,Club Line Gate,,
A3,A,N-NNE,4.2,9,Lock,P,
A3,A,N-NNE,4.2,10,Boundary,P,
A3,A,N-NNE,4.2,11,Finish,,
A4,A,N-NNE,5.3,1,Ballast Hole,S,
A4,A,N-NNE,5.3,2,Mundon,P,
A4,A,N-NNE,5.3,3,Shambles,P,
A4,A,N-NNE,5.3,4,Muddy Cove,P,
A4,A,N-NNE,5.3,5,Midway,P,
A4,A,N-NNE,5.3,6,Osea Road,P,
A4,A,N-NNE,5.3,7,Northey Point,S,
A4,A,N-NNE,5.3,8,Millbeach,P,
A4,A,N-NNE,5.3,9,Club Line Gate,,
A4,A,N-NNE,5.3,10,Lock,P,
A4,A,N-NNE,5.3,11,Boundary,P,
A4,A,N-NNE,5.3,12,Finish,,
A5,A,N-NNE,6.4,1,Ballast Hole,S,
A5,A,N-NNE,6.4,2,New Hall,P,
A5,A,N-NNE,6.4,3,Shambles,P,
A5,A,N-NNE,6.4,4,New Hall,P,
A5,A,N-NNE,6.4,5,Beacons,P,
A5,A,N-NNE,6.4,6,Northey Point,S,
A5,A,N-NNE,6.4,7,Millbeach,P,
A5,A,N-NNE,6.4,8,Club Line Gate,,
A5,A,N-NNE,6.4,9,Lock,P,
A5,A,N-NNE,6.4,10,Boundary,P,
A5,A,N-NNE,6.4,11,Finish,,
A6,A,N-NNE,8.9,1,Ballast Hole,S,
A6,A,N-NNE,8.9,2,Coopers Creek,P,
A6,A,N-NNE,8.9,3,Ford Creek,P,
A6,A,N-NNE,8.9,4,Kraken,S,
A6,A,N-NNE,8.9,5,Mundon,P,
A6,A,N-NNE,8.9,6,New Hall,P,
A6,A,N-NNE,8.9,7,Beacons,P,
A6,A,N-NNE,8.9,8,New Hall,P,
A6,A,N-NNE,8.9,9,West Point,P,
A6,A,N-NNE,8.9,10,Northey Point,S,
A6,A,N-NNE,8.9,11,Millbeach,P,
A6,A,N-NNE,8.9,12,Club Line Gate,,
A6,A,N-NNE,8.9,13,Lock,P,
A6,A,N-NNE,8.9,14,Boundary,P,
A6,A,N-NNE,8.9,15,Finish,,
AZ1,AZ,NNE-NE,2.3,1,Ballast Hole,S,
AZ1,AZ,NNE-NE,2.3,2,Muddy Cove,P,
AZ1,AZ,NNE-NE,2.3,3,Sandy Bight,P,
AZ1,AZ,NNE-NE,2.3,4,Northey Point,S,
AZ1,AZ,NNE-NE,2.3,5,Millbeach,P,
AZ1,AZ,NNE-NE,2.3,6,Club Line Gate,,
AZ1,AZ,NNE-NE,2.3,7,Lock,P,
AZ1,AZ,NNE-NE,2.3,8,Finish,,
AZ2,AZ,NNE-NE,3.3,1,Ballast Hole,S,
AZ2,AZ,NNE-NE,3.3,2,Clarks,P,
AZ2,AZ,NNE-NE,3.3,3,Osea Road,P,
AZ2,AZ,NNE-NE,3.3,4,Sandy Bight,P,
AZ2,AZ,NNE-NE,3.3,5,Clarks,P,
AZ2,AZ,NNE-NE,3.3,6,Osea Road,P,
AZ2,AZ,NNE-NE,3.3,7,Topper,P,
AZ2,AZ,NNE-NE,3.3,8,Northey Point,S,
AZ2,AZ,NNE-NE,3.3,9,Millbeach,P,
AZ2,AZ,NNE-NE,3.3,10,Club Line Gate,,
AZ2,AZ,NNE-NE,3.3,11,Lock,P,
AZ2,AZ,NNE-NE,3.3,12,Finish,,
AZ3,AZ,NNE-NE,4.0,1,Ballast Hole,S,
AZ3,AZ,NNE-NE,4.0,2,Midway,P,
AZ3,AZ,NNE-NE,4.0,3,Shambles,P,
AZ3,AZ,NNE-NE,4.0,4,Osea Road,P,
AZ3,AZ,NNE-NE,4.0,5,Clarks,P,
AZ3,AZ,NNE-NE,4.0,6,Osea Road,P,
AZ3,AZ,NNE-NE,4.0,7,Northey Point,S,
AZ3,AZ,NNE-NE,4.0,8,Millbeach,P,
AZ3,AZ,NNE-NE,4.0,9,Club Line Gate,,
AZ3,AZ,NNE-NE,4.0,10,Lock,P,
AZ3,AZ,NNE-NE,4.0,11,Finish,,
AZ4,AZ,NNE-NE,5.3,1,Ballast Hole,S,
AZ4,AZ,NNE-NE,5.3,2,Midway,P,
AZ4,AZ,NNE-NE,5.3,3,Shambles,P,
AZ4,AZ,NNE-NE,5.3,4,Midway,P,
AZ4,AZ,NNE-NE,5.3,5,Mundon,P,
AZ4,AZ,NNE-NE,5.3,6,Beacons,P,
AZ4,AZ,NNE-NE,5.3,7,Northey Point,S,
AZ4,AZ,NNE-NE,5.3,8,Millbeach,P,
AZ4,AZ,NNE-NE,5.3,9,Club Line Gate,,
AZ4,AZ,NNE-NE,5.3,10,Lock,P,
AZ4,AZ,NNE-NE,5.3,11,Finish,,
AZ5,AZ,NNE-NE,7.2,1,Ballast Hole,S,
AZ5,AZ,NNE-NE,7.2,2,Mundon,P,
AZ5,AZ,NNE-NE,7.2,3,Beacons,P,
AZ5,AZ,NNE-NE,7.2,4,Mundon,P,
AZ5,AZ,NNE-NE,7.2,5,New Hall,P,
AZ5,AZ,NNE-NE,7.2,6,Ford Creek,P,
AZ5,AZ,NNE-NE,7.2,7,Kraken,P,
AZ5,AZ,NNE-NE,7.2,8,Ford Creek,P,
AZ5,AZ,NNE-NE,7.2,9,Northey Point,S,
AZ5,AZ,NNE-NE,7.2,10,Millbeach,P,
AZ5,AZ,NNE-NE,7.2,11,Club Line Gate,,
AZ5,AZ,NNE-NE,7.2,12,Lock,P,
AZ5,AZ,NNE-NE,7.2,13,Finish,,
AZ6,AZ,NNE-NE,8.6,1,Ballast Hole,S,
AZ6,AZ,NNE-NE,8.6,2,Kraken,P,
AZ6,AZ,NNE-NE,8.6,3,Ford Creek,P,Full
AZ6,AZ,NNE-NE,8.6,4,Coopers Creek,P,
AZ6,AZ,NNE-NE,8.6,5,West Point,P,
AZ6,AZ,NNE-NE,8.6,6,Mundon,P,Full
AZ6,AZ,NNE-NE,8.6,7,Beacons,P,Full
AZ6,AZ,NNE-NE,8.6,8,Mundon,P,Full
AZ6,AZ,NNE-NE,8.6,9,Shambles,P,
AZ6,AZ,NNE-NE,8.6,10,Northey Point,S,
AZ6,AZ,NNE-NE,8.6,11,Millbeach,P,
AZ6,AZ,NNE-NE,8.6,12,Club Line Gate,,
AZ6,AZ,NNE-NE,8.6,13,Lock,P,
AZ6,AZ,NNE-NE,8.6,14,Finish,,
B1,B,NE-ENE,2.2,1,Millbeach,S,
B1,B,NE-ENE,2.2,2,Mumbys,P,
B1,B,NE-ENE,2.2,3,Sandy Bight,P,
B1,B,NE-ENE,2.2,4,Northey Point,S,
B1,B,NE-ENE,2.2,5,Ballast Hole,P,
B1,B,NE-ENE,2.2,6,Club Line Gate,,
B1,B,NE-ENE,2.2,7,Lock,P,
B1,B,NE-ENE,2.2,8,Finish,,
B2,B,NE-ENE,3.5,1,Millbeach,S,
B2,B,NE-ENE,3.5,2,Clarks,P,
B2,B,NE-ENE,3.5,3,Osea Road,P,
B2,B,NE-ENE,3.5,4,Topper,P,
B2,B,NE-ENE,3.5,5,Clarks,P,
B2,B,NE-ENE,3.5,6,Osea Road,P,
B2,B,NE-ENE,3.5,7,Ballast Hole,P,
B2,B,NE-ENE,3.5,8,Club Line Gate,,
B2,B,NE-ENE,3.5,9,Lock,P,
B2,B,NE-ENE,3.5,10,Finish,,
B3,B,NE-ENE,3.9,1,Millbeach,S,
B3,B,NE-ENE,3.9,2,Clarks,P,
B3,B,NE-ENE,3.9,3,Shambles,P,
B3,B,NE-ENE,3.9,4,Osea Road,P,
B3,B,NE-ENE,3.9,5,Clarks,P,
B3,B,NE-ENE,3.9,6,Shambles,P,
B3,B,NE-ENE,3.9,7,Ballast Hole,P,
B3,B,NE-ENE,3.9,8,Club Line Gate,,
B3,B,NE-ENE,3.9,9,Lock,P,
B3,B,NE-ENE,3.9,10,Finish,,
B4,B,NE-ENE,5.3,1,Millbeach,S,
B4,B,NE-ENE,5.3,2,Midway,P,
B4,B,NE-ENE,5.3,3,Beacons,P,
B4,B,NE-ENE,5.3,4,Midway,P,
B4,B,NE-ENE,5.3,5,West Point,P,
B4,B,NE-ENE,5.3,6,Ballast Hole,P,
B4,B,NE-ENE,5.3,7,Club Line Gate,,
B4,B,NE-ENE,5.3,8,Lock,P,
B4,B,NE-ENE,5.3,9,Finish,,
B5,B,NE-ENE,6.7,1,Millbeach,S,
B5,B,NE-ENE,6.7,2,Midway,P,
B5,B,NE-ENE,6.7,3,Beacons,P,
B5,B,NE-ENE,6.7,4,Midway,P,
B5,B,NE-ENE,6.7,5,Beacons,P,
B5,B,NE-ENE,6.7,6,Midway,P,
B5,B,NE-ENE,6.7,7,West Point,P,
B5,B,NE-ENE,6.7,8,Beacons,P,
B5,B,NE-ENE,6.7,9,Ballast Hole,P,
B5,B,NE-ENE,6.7,10,Club Line Gate,,
B5,B,NE-ENE,6.7,11,Lock,P,
B5,B,NE-ENE,6.7,12,Finish,,
B6,B,NE-ENE,8.6,1,Millbeach,S,
B6,B,NE-ENE,8.6,2,New Hall,P,
B6,B,NE-ENE,8.6,3,Ford Creek,P,
B6,B,NE-ENE,8.6,4,Shambles,P,
B6,B,NE-ENE,8.6,5,Midway,P,
B6,B,NE-ENE,8.6,6,West Point,P,
B6,B,NE-ENE,8.6,7,Shambles,P,
B6,B,NE-ENE,8.6,8,New Hall,P,
B6,B,NE-ENE,8.6,9,West Point,P,
B6,B,NE-ENE,8.6,10,Beacons,P,
B6,B,NE-ENE,8.6,11,Ballast Hole,P,
B6,B,NE-ENE,8.6,12,Club Line Gate,,
B6,B,NE-ENE,8.6,13,Lock,P,
B6,B,NE-ENE,8.6,14,Finish,,
BZ1,BZ,ENE-E,2.2,1,Millbeach,S,
BZ1,BZ,ENE-E,2.2,2,Mumbys,P,
BZ1,BZ,ENE-E,2.2,3,Sandy Bight,P,
BZ1,BZ,ENE-E,2.2,4,Northey Point,S,
BZ1,BZ,ENE-E,2.2,5,Ballast Hole,P,
BZ1,BZ,ENE-E,2.2,6,Club Line Gate,,
BZ1,BZ,ENE-E,2.2,7,Lock,P,
BZ1,BZ,ENE-E,2.2,8,Finish,,
BZ2,BZ,ENE-E,3.1,1,Millbeach,S,
BZ2,BZ,ENE-E,3.1,2,Clarks,P,
BZ2,BZ,ENE-E,3.1,3,Shambles,P,
BZ2,BZ,ENE-E,3.1,4,Muddy Cove,S,
BZ2,BZ,ENE-E,3.1,5,Ballast Hole,P,
BZ2,BZ,ENE-E,3.1,6,Club Line Gate,,
BZ2,BZ,ENE-E,3.1,7,Lock,P,
BZ2,BZ,ENE-E,3.1,8,Finish,,
BZ3,BZ,ENE-E,3.8,1,Millbeach,S,
BZ3,BZ,ENE-E,3.8,2,Clarks,P,
BZ3,BZ,ENE-E,3.8,3,Shambles,P,
BZ3,BZ,ENE-E,3.8,4,Sandy Bight,P,
BZ3,BZ,ENE-E,3.8,5,Mumbys,P,
BZ3,BZ,ENE-E,3.8,6,Osea Road,P,
BZ3,BZ,ENE-E,3.8,7,Northey Point,S,
BZ3,BZ,ENE-E,3.8,8,Ballast Hole,P,
BZ3,BZ,ENE-E,3.8,9,Club Line Gate,,
BZ3,BZ,ENE-E,3.8,10,Lock,P,
BZ3,BZ,ENE-E,3.8,11,Finish,,
BZ4,BZ,ENE-E,5.2,1,Millbeach,S,
BZ4,BZ,ENE-E,5.2,2,Clarks,P,
BZ4,BZ,ENE-E,5.2,3,Beacons,S,
BZ4,BZ,ENE-E,5.2,4,Midway,P,
BZ4,BZ,ENE-E,5.2,5,West Point,P,
BZ4,BZ,ENE-E,5.2,6,Muddy Cove,S,
BZ4,BZ,ENE-E,5.2,7,Ballast Hole,P,
BZ4,BZ,ENE-E,5.2,8,Club Line Gate,,
BZ4,BZ,ENE-E,5.2,9,Lock,P,
BZ4,BZ,ENE-E,5.2,10,Finish,,
BZ5,BZ,ENE-E,6.9,1,Millbeach,S,
BZ5,BZ,ENE-E,6.9,2,Clarks,P,
BZ5,BZ,ENE-E,6.9,3,Beacons,S,
BZ5,BZ,ENE-E,6.9,4,Midway,P,
BZ5,BZ,ENE-E,6.9,5,West Point,P,Full
BZ5,BZ,ENE-E,6.9,6,Midway,P,
BZ5,BZ,ENE-E,6.9,7,Ford Creek,P,
BZ5,BZ,ENE-E,6.9,8,Muddy Cove,S,
BZ5,BZ,ENE-E,6.9,9,Northey Point,S,
BZ5,BZ,ENE-E,6.9,10,Ballast Hole,P,
BZ5,BZ,ENE-E,6.9,11,Club Line Gate,,
BZ5,BZ,ENE-E,6.9,12,Lock,P,
BZ5,BZ,ENE-E,6.9,13,Finish,,
BZ6,BZ,ENE-E,9.2,1,Millbeach,S,
BZ6,BZ,ENE-E,9.2,2,New Hall,P,
BZ6,BZ,ENE-E,9.2,3,Doctor,P,
BZ6,BZ,ENE-E,9.2,4,Shambles,P,
BZ6,BZ,ENE-E,9.2,5,Clarks,P,
BZ6,BZ,ENE-E,9.2,6,West Point,P,
BZ6,BZ,ENE-E,9.2,7,Shambles,P,
BZ6,BZ,ENE-E,9.2,8,Mundon,P,
BZ6,BZ,ENE-E,9.2,9,Kraken,P,
BZ6,BZ,ENE-E,9.2,10,Ballast Hole,P,
BZ6,BZ,ENE-E,9.2,11,Club Line Gate,,
BZ6,BZ,ENE-E,9.2,12,Lock,P,
BZ6,BZ,ENE-E,9.2,13,Finish,,
C1,C,E-ESE,2.3,1,Millbeach,S,
C1,C,E-ESE,2.3,2,Northey Point,P,
C1,C,E-ESE,2.3,3,Sandy Bight,P,
C1,C,E-ESE,2.3,4,Northey Point,P,
C1,C,E-ESE,2.3,5,Mumbys,P,
C1,C,E-ESE,2.3,6,Ballast Hole,P,
C1,C,E-ESE,2.3,7,Club Line Gate,,
C1,C,E-ESE,2.3,8,Nipper,P,
C1,C,E-ESE,2.3,9,Bunting,P,
C1,C,E-ESE,2.3,10,Finish,,
C2,C,E-ESE,3.2,1,Millbeach,S,
C2,C,E-ESE,3.2,2,Northey Point,P,
C2,C,E-ESE,3.2,3,Osea Road,P,
C2,C,E-ESE,3.2,4,Topper,P,
C2,C,E-ESE,3.2,5,Northey Point,P,
C2,C,E-ESE,3.2,6,Sandy Bight,P,
C2,C,E-ESE,3.2,7,Ballast Hole,P,
C2,C,E-ESE,3.2,8,Club Line Gate,,
C2,C,E-ESE,3.2,9,Lock,P,
C2,C,E-ESE,3.2,10,Boundary,P,
C2,C,E-ESE,3.2,11,Finish,,
C3,C,E-ESE,4.2,1,Millbeach,S,
C3,C,E-ESE,4.2,2,Northey Point,P,
C3,C,E-ESE,4.2,3,Shambles,P,
C3,C,E-ESE,4.2,4,Sandy Bight,P,
C3,C,E-ESE,4.2,5,Muddy Cove,P,
C3,C,E-ESE,4.2,6,Shambles,P,
C3,C,E-ESE,4.2,7,Ballast Hole,P,
C3,C,E-ESE,4.2,8,Club Line Gate,,
C3,C,E-ESE,4.2,9,Lock,P,
C3,C,E-ESE,4.2,10,Boundary,P,
C3,C,E-ESE,4.2,11,Finish,,
C4,C,E-ESE,5.1,1,Millbeach,S,
C4,C,E-ESE,5.1,2,Northey Point,P,
C4,C,E-ESE,5.1,3,Beacons,P,
C4,C,E-ESE,5.1,4,Sandy Bight,P,
C4,C,E-ESE,5.1,5,Muddy Cove,P,
C4,C,E-ESE,5.1,6,Beacons,P,
C4,C,E-ESE,5.1,7,Ballast Hole,P,
C4,C,E-ESE,5.1,8,Club Line Gate,,
C4,C,E-ESE,5.1,9,Lock,P,
C4,C,E-ESE,5.1,10,Boundary,P,
C4,C,E-ESE,5.1,11,Finish,,
C5,C,E-ESE,7.4,1,Millbeach,S,
C5,C,E-ESE,7.4,2,Northey Point,P,
C5,C,E-ESE,7.4,3,West Point,S,
C5,C,E-ESE,7.4,4,Midway,P,
C5,C,E-ESE,7.4,5,Ford Creek,P,
C5,C,E-ESE,7.4,6,Shambles,P,
C5,C,E-ESE,7.4,7,Midway,P,
C5,C,E-ESE,7.4,8,Kraken,P,
C5,C,E-ESE,7.4,9,Ballast Hole,P,
C5,C,E-ESE,7.4,10,Club Line Gate,,
C5,C,E-ESE,7.4,11,Lock,P,
C5,C,E-ESE,7.4,12,Boundary,,
C5,C,E-ESE,7.4,13,Finish,,
C6,C,E-ESE,8.3,1,Millbeach,S,
C6,C,E-ESE,8.3,2,Northey Point,P,
C6,C,E-ESE,8.3,3,West Point,S,
C6,C,E-ESE,8.3,4,Mundon,P,
C6,C,E-ESE,8.3,5,Coopers Creek,P,
C6,C,E-ESE,8.3,6,Ford Creek,P,
C6,C,E-ESE,8.3,7,Clarks,P,
C6,C,E-ESE,8.3,8,Ford Creek,P,
C6,C,E-ESE,8.3,9,Ballast Hole,P,
C6,C,E-ESE,8.3,10,Club Line Gate,,
C6,C,E-ESE,8.3,11,Lock,P,
C6,C,E-ESE,8.3,12,Boundary,P,
C6,C,E-ESE,8.3,13,Finish,,
CZ1,CZ,ESE-SE,2.3,1,Millbeach,S,
CZ1,CZ,ESE-SE,2.3,2,Northey Point,P,
CZ1,CZ,ESE-SE,2.3,3,Sandy Bight,P,
CZ1,CZ,ESE-SE,2.3,4,Ballast Hole,P,
CZ1,CZ,ESE-SE,2.3,5,Club Line Gate,,
CZ1,CZ,ESE-SE,2.3,6,Lock,P,
CZ1,CZ,ESE-SE,2.3,7,Boundary,P,
CZ1,CZ,ESE-SE,2.3,8,Finish,,
CZ2,CZ,ESE-SE,3.3,1,Millbeach,S,
CZ2,CZ,ESE-SE,3.3,2,Northey Point,P,
CZ2,CZ,ESE-SE,3.3,3,Osea Road,P,
CZ2,CZ,ESE-SE,3.3,4,Topper,P,
CZ2,CZ,ESE-SE,3.3,5,Northey Point,P,
CZ2,CZ,ESE-SE,3.3,6,Sandy Bight,P,
CZ2,CZ,ESE-SE,3.3,7,Ballast Hole,P,
CZ2,CZ,ESE-SE,3.3,8,Club Line Gate,,
CZ2,CZ,ESE-SE,3.3,9,Lock,P,
CZ2,CZ,ESE-SE,3.3,10,Boundary,P,
CZ2,CZ,ESE-SE,3.3,11,Finish,,
CZ3,CZ,ESE-SE,4.1,1,Millbeach,S,
CZ3,CZ,ESE-SE,4.1,2,Northey Point,P,
CZ3,CZ,ESE-SE,4.1,3,Shambles,P,
CZ3,CZ,ESE-SE,4.1,4,Topper,P,
CZ3,CZ,ESE-SE,4.1,5,Northey Point,P,
CZ3,CZ,ESE-SE,4.1,6,Osea Road,P,
CZ3,CZ,ESE-SE,4.1,7,Ballast Hole,P,
CZ3,CZ,ESE-SE,4.1,8,Club Line Gate,,
CZ3,CZ,ESE-SE,4.1,9,Lock,P,
CZ3,CZ,ESE-SE,4.1,10,Boundary,P,
CZ3,CZ,ESE-SE,4.1,11,Finish,,
CZ4,CZ,ESE-SE,5.8,1,Millbeach,S,
CZ4,CZ,ESE-SE,5.8,2,Northey Point,P,
CZ4,CZ,ESE-SE,5.8,3,Kraken,P,
CZ4,CZ,ESE-SE,5.8,4,West Point,P,
CZ4,CZ,ESE-SE,5.8,5,Shambles,P,
CZ4,CZ,ESE-SE,5.8,6,Ford Creek,S,
CZ4,CZ,ESE-SE,5.8,7,Ballast Hole,P,
CZ4,CZ,ESE-SE,5.8,8,Club Line Gate,,
CZ4,CZ,ESE-SE,5.8,9,Lock,P,
CZ4,CZ,ESE-SE,5.8,10,Boundary,P,
CZ4,CZ,ESE-SE,5.8,11,Finish,,
CZ5,CZ,ESE-SE,7.4,1,Millbeach,S,
CZ5,CZ,ESE-SE,7.4,2,Northey Point,P,
CZ5,CZ,ESE-SE,7.4,3,Kraken,P,
CZ5,CZ,ESE-SE,7.4,4,West Point,P,
CZ5,CZ,ESE-SE,7.4,5,Mundon,S,
CZ5,CZ,ESE-SE,7.4,6,Muddy Cove,S,
CZ5,CZ,ESE-SE,7.4,7,Ford Creek,S,Full
CZ5,CZ,ESE-SE,7.4,8,Ballast Hole,P,
CZ5,CZ,ESE-SE,7.4,9,Club Line Gate,,
CZ5,CZ,ESE-SE,7.4,10,Lock,P,
CZ5,CZ,ESE-SE,7.4,11,Boundary,P,
CZ5,CZ,ESE-SE,7.4,12,Finish,,
CZ6,CZ,ESE-SE,8.1,1,Millbeach,S,
CZ6,CZ,ESE-SE,8.1,2,Northey Point,P,
CZ6,CZ,ESE-SE,8.1,3,Kraken,P,
CZ6,CZ,ESE-SE,8.1,4,West Point,P,
CZ6,CZ,ESE-SE,8.1,5,Midway,P,
CZ6,CZ,ESE-SE,8.1,6,Coopers Creek,S,
CZ6,CZ,ESE-SE,8.1,7,Mundon,S,
CZ6,CZ,ESE-SE,8.1,8,Beacons,S,
CZ6,CZ,ESE-SE,8.1,9,Ford Creek,S,
CZ6,CZ,ESE-SE,8.1,10,Ballast Hole,P,
CZ6,CZ,ESE-SE,8.1,11,Club Line Gate,,
CZ6,CZ,ESE-SE,8.1,12,Lock,P,
CZ6,CZ,ESE-SE,8.1,13,Boundary,P,
CZ6,CZ,ESE-SE,8.1,14,Finish,,
D1,D,SE-SSE,2.3,1,Bunting,P,
D1,D,SE-SSE,2.3,2,Colliers,P,
D1,D,SE-SSE,2.3,3,Northey Point,S,
D1,D,SE-SSE,2.3,4,Mumbys,P,
D1,D,SE-SSE,2.3,5,Topper,P,
D1,D,SE-SSE,2.3,6,Ballast Hole,P,
D1,D,SE-SSE,2.3,7,Mumbys,P,
D1,D,SE-SSE,2.3,8,Topper,P,
D1,D,SE-SSE,2.3,9,Ballast Hole,P,
D1,D,SE-SSE,2.3,10,Finish,,
D2,D,SE-SSE,2.9,1,Bunting,P,
D2,D,SE-SSE,2.9,2,Colliers,P,
D2,D,SE-SSE,2.9,3,Northey Point,S,
D2,D,SE-SSE,2.9,4,Clarks,P,
D2,D,SE-SSE,2.9,5,Osea Road,P,
D2,D,SE-SSE,2.9,6,Ballast Hole,P,
D2,D,SE-SSE,2.9,7,Mumbys,P,
D2,D,SE-SSE,2.9,8,Topper,P,
D2,D,SE-SSE,2.9,9,Ballast Hole,P,
D2,D,SE-SSE,2.9,10,Finish,,
D3,D,SE-SSE,4.3,1,Bunting,P,
D3,D,SE-SSE,4.3,2,Colliers,P,
D3,D,SE-SSE,4.3,3,Millbeach,S,
D3,D,SE-SSE,4.3,4,Midway,P,
D3,D,SE-SSE,4.3,5,Osea Road,P,
D3,D,SE-SSE,4.3,6,Sandy Bight,P,
D3,D,SE-SSE,4.3,7,Midway,P,
D3,D,SE-SSE,4.3,8,Shambles,P,
D3,D,SE-SSE,4.3,9,Muddy Cove,S,
D3,D,SE-SSE,4.3,10,Ballast Hole,P,
D3,D,SE-SSE,4.3,11,Finish,,
D4,D,SE-SSE,5.6,1,Boundary,P,
D4,D,SE-SSE,5.6,2,Colliers,P,
D4,D,SE-SSE,5.6,3,Millbeach,S,
D4,D,SE-SSE,5.6,4,Kraken,P,
D4,D,SE-SSE,5.6,5,West Point,P,
D4,D,SE-SSE,5.6,6,Mumbys,P,
D4,D,SE-SSE,5.6,7,Midway,P,
D4,D,SE-SSE,5.6,8,Osea Road,P,
D4,D,SE-SSE,5.6,9,Ballast Hole,P,
D4,D,SE-SSE,5.6,10,Finish,,
D5,D,SE-SSE,6.8,1,Boundary,P,
D5,D,SE-SSE,6.8,2,Colliers,P,
D5,D,SE-SSE,6.8,3,Millbeach,S,
D5,D,SE-SSE,6.8,4,Kraken,P,
D5,D,SE-SSE,6.8,5,Sandy Bight,P,
D5,D,SE-SSE,6.8,6,Coopers Creek,P,
D5,D,SE-SSE,6.8,7,Ballast Hole,P,
D5,D,SE-SSE,6.8,8,Finish,,
D6,D,SE-SSE,8.6,1,Boundary,P,
D6,D,SE-SSE,8.6,2,Colliers,P,
D6,D,SE-SSE,8.6,3,Millbeach,S,
D6,D,SE-SSE,8.6,4,Coopers Creek,P,
D6,D,SE-SSE,8.6,5,West Point,P,
D6,D,SE-SSE,8.6,6,Midway,P,
D6,D,SE-SSE,8.6,7,New Hall,P,
D6,D,SE-SSE,8.6,8,Ford Creek,P,
D6,D,SE-SSE,8.6,9,Midway,P,
D6,D,SE-SSE,8.6,10,New Hall,P,
D6,D,SE-SSE,8.6,11,Ballast Hole,P,
D6,D,SE-SSE,8.6,12,Finish,,
DZ1,DZ,SSE-S,2.1,1,Bunting,P,
DZ1,DZ,SSE-S,2.1,2,Colliers,P,
DZ1,DZ,SSE-S,2.1,3,Millbeach,S,
DZ1,DZ,SSE-S,2.1,4,Mumbys,P,
DZ1,DZ,SSE-S,2.1,5,Topper,S,
DZ1,DZ,SSE-S,2.1,6,Muddy Cove,S,
DZ1,DZ,SSE-S,2.1,7,Ballast Hole,P,
DZ1,DZ,SSE-S,2.1,8,Finish,,
DZ2,DZ,SSE-S,3.4,1,Boundary,P,
DZ2,DZ,SSE-S,3.4,2,Colliers,P,
DZ2,DZ,SSE-S,3.4,3,Millbeach,S,
DZ2,DZ,SSE-S,3.4,4,Mumbys,P,
DZ2,DZ,SSE-S,3.4,5,Topper,S,
DZ2,DZ,SSE-S,3.4,6,Clarks,P,
DZ2,DZ,SSE-S,3.4,7,Sandy Bight,P,
DZ2,DZ,SSE-S,3.4,8,Clarks,P,
DZ2,DZ,SSE-S,3.4,9,Osea Road,P,
DZ2,DZ,SSE-S,3.4,10,Ballast Hole,P,
DZ2,DZ,SSE-S,3.4,11,Finish,,
DZ3,DZ,SSE-S,4.1,1,Boundary,P,
DZ3,DZ,SSE-S,4.1,2,Colliers,P,
DZ3,DZ,SSE-S,4.1,3,Millbeach,S,
DZ3,DZ,SSE-S,4.1,4,Mumbys,P,
DZ3,DZ,SSE-S,4.1,5,Topper,S,
DZ3,DZ,SSE-S,4.1,6,Midway,P,
DZ3,DZ,SSE-S,4.1,7,Shambles,P,
DZ3,DZ,SSE-S,4.1,8,Sandy Bight,P,
DZ3,DZ,SSE-S,4.1,9,Clarks,P,
DZ3,DZ,SSE-S,4.1,10,Sandy Bight,P,
DZ3,DZ,SSE-S,4.1,11,Ballast Hole,P,
DZ3,DZ,SSE-S,4.1,12,Finish,,
DZ4,DZ,SSE-S,5.8,1,Boundary,P,
DZ4,DZ,SSE-S,5.8,2,Colliers,P,
DZ4,DZ,SSE-S,5.8,3,Millbeach,S,
DZ4,DZ,SSE-S,5.8,4,Mumbys,P,
DZ4,DZ,SSE-S,5.8,5,Topper,S,
DZ4,DZ,SSE-S,5.8,6,Mundon,P,
DZ4,DZ,SSE-S,5.8,7,Ford Creek,P,
DZ4,DZ,SSE-S,5.8,8,Beacons,P,
DZ4,DZ,SSE-S,5.8,9,Kraken,S,
DZ4,DZ,SSE-S,5.8,10,Ballast Hole,P,
DZ4,DZ,SSE-S,5.8,11,Finish,,
DZ5,DZ,SSE-S,7.0,1,Boundary,P,
DZ5,DZ,SSE-S,7.0,2,Colliers,P,
DZ5,DZ,SSE-S,7.0,3,Millbeach,S,
DZ5,DZ,SSE-S,7.0,4,Mumbys,P,
DZ5,DZ,SSE-S,7.0,5,Topper,S,
DZ5,DZ,SSE-S,7.0,6,New Hall,P,
DZ5,DZ,SSE-S,7.0,7,Shambles,P,
DZ5,DZ,SSE-S,7.0,8,Osea Road,P,
DZ5,DZ,SSE-S,7.0,9,New Hall,P,
DZ5,DZ,SSE-S,7.0,10,Osea Road,P,
DZ5,DZ,SSE-S,7.0,11,Sandy Bight,P,
DZ5,DZ,SSE-S,7.0,12,Clarks,P,
DZ5,DZ,SSE-S,7.0,13,Osea Road,P,
DZ5,DZ,SSE-S,7.0,14,Ballast Hole,P,
DZ5,DZ,SSE-S,7.0,15,Finish,,
DZ6,DZ,SSE-S,8.2,1,Boundary,P,
DZ6,DZ,SSE-S,8.2,2,Colliers,P,
DZ6,DZ,SSE-S,8.2,3,Millbeach,S,
DZ6,DZ,SSE-S,8.2,4,Mumbys,P,
DZ6,DZ,SSE-S,8.2,5,Topper,S,
DZ6,DZ,SSE-S,8.2,6,New Hall,P,
DZ6,DZ,SSE-S,8.2,7,Ford Creek,P,
DZ6,DZ,SSE-S,8.2,8,Osea Road,P,
DZ6,DZ,SSE-S,8.2,9,New Hall,P,
DZ6,DZ,SSE-S,8.2,10,Shambles,P,
DZ6,DZ,SSE-S,8.2,11,Sandy Bight,P,
DZ6,DZ,SSE-S,8.2,12,Midway,P,
DZ6,DZ,SSE-S,8.2,13,Osea Road,P,
DZ6,DZ,SSE-S,8.2,14,Ballast Hole,P,
DZ6,DZ,SSE-S,8.2,15,Finish,,
E1,E,S-SSW,2.2,1,Boundary,P,
E1,E,S-SSW,2.2,2,Colliers,P,
E1,E,S-SSW,2.2,3,Northey Point,S,
E1,E,S-SSW,2.2,4,Topper,S,
E1,E,S-SSW,2.2,5,Muddy Cove,P,
E1,E,S-SSW,2.2,6,Osea Road,P,
E1,E,S-SSW,2.2,7,Ballast Hole,P,
E1,E,S-SSW,2.2,8,Finish,,
E2,E,S-SSW,3.0,1,Boundary,P,
E2,E,S-SSW,3.0,2,Colliers,P,
E2,E,S-SSW,3.0,3,Northey Point,S,
E2,E,S-SSW,3.0,4,Topper,S,
E2,E,S-SSW,3.0,5,Muddy Cove,P,
E2,E,S-SSW,3.0,6,Sandy Bight,S,
E2,E,S-SSW,3.0,7,Clarks,P,
E2,E,S-SSW,3.0,8,Osea Road,P,
E2,E,S-SSW,3.0,9,Millbeach,P,
E2,E,S-SSW,3.0,10,Northey Point,S,
E2,E,S-SSW,3.0,11,Ballast Hole,P,
E2,E,S-SSW,3.0,12,Finish,,
E3,E,S-SSW,4.0,1,Wilsons Point,P,
E3,E,S-SSW,4.0,2,Colliers,P,
E3,E,S-SSW,4.0,3,Northey Point,S,
E3,E,S-SSW,4.0,4,Sandy Bight,S,
E3,E,S-SSW,4.0,5,Midway,P,
E3,E,S-SSW,4.0,6,Shambles,P,
E3,E,S-SSW,4.0,7,Osea Road,P,
E3,E,S-SSW,4.0,8,Ballast Hole,P,
E3,E,S-SSW,4.0,9,Finish,,
E4,E,S-SSW,5.4,1,Wilsons Point,P,
E4,E,S-SSW,5.4,2,Colliers,P,
E4,E,S-SSW,5.4,3,Northey Point,S,
E4,E,S-SSW,5.4,4,Sandy Bight,S,
E4,E,S-SSW,5.4,5,Midway,P,
E4,E,S-SSW,5.4,6,West Point,S,
E4,E,S-SSW,5.4,7,Kraken,S,
E4,E,S-SSW,5.4,8,Osea Road,P,
E4,E,S-SSW,5.4,9,Ballast Hole,P,
E4,E,S-SSW,5.4,10,Finish,,
E5,E,S-SSW,8.1,1,Wilsons Point,P,
E5,E,S-SSW,8.1,2,Colliers,P,
E5,E,S-SSW,8.1,3,Northey Point,S,
E5,E,S-SSW,8.1,4,Sandy Bight,S,
E5,E,S-SSW,8.1,5,Midway,P,
E5,E,S-SSW,8.1,6,West Point,S,
E5,E,S-SSW,8.1,7,Kraken,S,
E5,E,S-SSW,8.1,8,Beacons,P,
E5,E,S-SSW,8.1,9,New Hall,S,
E5,E,S-SSW,8.1,10,Shambles,P,
E5,E,S-SSW,8.1,11,Mundon,S,
E5,E,S-SSW,8.1,12,Osea Road,P,
E5,E,S-SSW,8.1,13,Ballast Hole,P,
E5,E,S-SSW,8.1,14,Finish,,
E6,E,S-SSW,8.6,1,Wilsons Point,P,
E6,E,S-SSW,8.6,2,Colliers,P,
E6,E,S-SSW,8.6,3,Northey Point,S,
E6,E,S-SSW,8.6,4,Sandy Bight,S,
E6,E,S-SSW,8.6,5,Midway,P,
E6,E,S-SSW,8.6,6,West Point,S,
E6,E,S-SSW,8.6,7,Kraken,S,
E6,E,S-SSW,8.6,8,Beacons,P,
E6,E,S-SSW,8.6,9,New Hall,S,
E6,E,S-SSW,8.6,10,Mundon,S,
E6,E,S-SSW,8.6,11,Coopers Creek,P,
E6,E,S-SSW,8.6,12,Ford Creek,P,
E6,E,S-SSW,8.6,13,Kraken,S,
E6,E,S-SSW,8.6,14,New Hall,S,
E6,E,S-SSW,8.6,15,Ballast Hole,P,
E6,E,S-SSW,8.6,16,Finish,,
EZ1,EZ,SSW-SW,2.1,1,Lock,P,
EZ1,EZ,SSW-SW,2.1,2,Colliers,P,
EZ1,EZ,SSW-SW,2.1,3,Millbeach,S,
EZ1,EZ,SSW-SW,2.1,4,Sandy Bight,S,
EZ1,EZ,SSW-SW,2.1,5,Muddy Cove,S,
EZ1,EZ,SSW-SW,2.1,6,Ballast Hole,P,
EZ1,EZ,SSW-SW,2.1,7,Finish,,
EZ2,EZ,SSW-SW,3.1,1,Lock,P,
EZ2,EZ,SSW-SW,3.1,2,Colliers,P,
EZ2,EZ,SSW-SW,3.1,3,Millbeach,S,
EZ2,EZ,SSW-SW,3.1,4,Sandy Bight,S,
EZ2,EZ,SSW-SW,3.1,5,Muddy Cove,S,
EZ2,EZ,SSW-SW,3.1,6,Topper,S,
EZ2,EZ,SSW-SW,3.1,7,Osea Road,S,
EZ2,EZ,SSW-SW,3.1,8,Clarks,S,
EZ2,EZ,SSW-SW,3.1,9,Ballast Hole,P,
EZ2,EZ,SSW-SW,3.1,10,Finish,,
EZ3,EZ,SSW-SW,4.1,1,Wilsons Point,P,
EZ3,EZ,SSW-SW,4.1,2,Colliers,P,
EZ3,EZ,SSW-SW,4.1,3,Northey Point,S,
EZ3,EZ,SSW-SW,4.1,4,Shambles,S,
EZ3,EZ,SSW-SW,4.1,5,Midway,S,
EZ3,EZ,SSW-SW,4.1,6,Shambles,S,
EZ3,EZ,SSW-SW,4.1,7,Clarks,S,
EZ3,EZ,SSW-SW,4.1,8,Ballast Hole,P,
EZ3,EZ,SSW-SW,4.1,9,Finish,,
EZ4,EZ,SSW-SW,4.95,1,Wilsons Point,P,
EZ4,EZ,SSW-SW,4.95,2,Colliers,P,
EZ4,EZ,SSW-SW,4.95,3,Northey Point,S,
EZ4,EZ,SSW-SW,4.95,4,Beacons,S,
EZ4,EZ,SSW-SW,4.95,5,Mundon,S,
EZ4,EZ,SSW-SW,4.95,6,Midway,S,
EZ4,EZ,SSW-SW,4.95,7,Shambles,S,
EZ4,EZ,SSW-SW,4.95,8,Clarks,S,
EZ4,EZ,SSW-SW,4.95,9,Ballast Hole,P,
EZ4,EZ,SSW-SW,4.95,10,Finish,,
EZ5,EZ,SSW-SW,7.7,1,Wilsons Point,P,
EZ5,EZ,SSW-SW,7.7,2,Colliers,P,
EZ5,EZ,SSW-SW,7.7,3,Northey Point,S,
EZ5,EZ,SSW-SW,7.7,4,West Point,S,
EZ5,EZ,SSW-SW,7.7,5,New Hall,S,
EZ5,EZ,SSW-SW,7.7,6,West Point,S,
EZ5,EZ,SSW-SW,7.7,7,New Hall,S,
EZ5,EZ,SSW-SW,7.7,8,Midway,S,
EZ5,EZ,SSW-SW,7.7,9,Shambles,S,
EZ5,EZ,SSW-SW,7.7,10,Midway,S,
EZ5,EZ,SSW-SW,7.7,11,Ballast Hole,P,
EZ5,EZ,SSW-SW,7.7,12,Finish,,
EZ6,EZ,SSW-SW,8.7,1,Wilsons Point,P,
EZ6,EZ,SSW-SW,8.7,2,Colliers,P,
EZ6,EZ,SSW-SW,8.7,3,Northey Point,S,
EZ6,EZ,SSW-SW,8.7,4,West Point,S,
EZ6,EZ,SSW-SW,8.7,5,New Hall,S,
EZ6,EZ,SSW-SW,8.7,6,Mundon,S,
EZ6,EZ,SSW-SW,8.7,7,Coopers Creek,P,
EZ6,EZ,SSW-SW,8.7,8,Ford Creek,P,
EZ6,EZ,SSW-SW,8.7,9,New Hall,S,
EZ6,EZ,SSW-SW,8.7,10,Midway,S,
EZ6,EZ,SSW-SW,8.7,11,Beacons,S,
EZ6,EZ,SSW-SW,8.7,12,Midway,S,
EZ6,EZ,SSW-SW,8.7,13,Ballast Hole,P,
EZ6,EZ,SSW-SW,8.7,14,Finish,,
F1,F,SW-WSW,2.3,1,Lock,P,
F1,F,SW-WSW,2.3,2,Boundary,P,
F1,F,SW-WSW,2.3,3,Colliers,P,
F1,F,SW-WSW,2.3,4,Northey Point,S,
F1,F,SW-WSW,2.3,5,Osea Road,S,
F1,F,SW-WSW,2.3,6,Clarks,S,
F1,F,SW-WSW,2.3,7,Millbeach,P,
F1,F,SW-WSW,2.3,8,Finish,,
F2,F,SW-WSW,3.3,1,Lock,P,
F2,F,SW-WSW,3.3,2,Boundary,P,
F2,F,SW-WSW,3.3,3,Colliers,P,
F2,F,SW-WSW,3.3,4,Northey Point,S,
F2,F,SW-WSW,3.3,5,Osea Road,S,
F2,F,SW-WSW,3.3,6,Clarks,S,
F2,F,SW-WSW,3.3,7,Mumbys,S,
F2,F,SW-WSW,3.3,8,Topper,S,
F2,F,SW-WSW,3.3,9,Osea Road,S,
F2,F,SW-WSW,3.3,10,Clarks,S,
F2,F,SW-WSW,3.3,11,Millbeach,P,
F2,F,SW-WSW,3.3,12,Finish,,
F3,F,SW-WSW,4.5,1,Wilsons Point,P,
F3,F,SW-WSW,4.5,2,Colliers,P,
F3,F,SW-WSW,4.5,3,Northey Point,S,
F3,F,SW-WSW,4.5,4,Beacons,S,
F3,F,SW-WSW,4.5,5,Midway,S,
F3,F,SW-WSW,4.5,6,Shambles,S,
F3,F,SW-WSW,4.5,7,Clarks,S,
F3,F,SW-WSW,4.5,8,Millbeach,P,
F3,F,SW-WSW,4.5,9,Finish,,
F4,F,SW-WSW,5.5,1,Wilsons Point,P,
F4,F,SW-WSW,5.5,2,Colliers,P,
F4,F,SW-WSW,5.5,3,Northey Point,S,
F4,F,SW-WSW,5.5,4,West Point,S,
F4,F,SW-WSW,5.5,5,Mundon,S,
F4,F,SW-WSW,5.5,6,Shambles,S,
F4,F,SW-WSW,5.5,7,Beacons,S,
F4,F,SW-WSW,5.5,8,Clarks,S,
F4,F,SW-WSW,5.5,9,Millbeach,P,
F4,F,SW-WSW,5.5,10,Finish,,
F5,F,SW-WSW,7.8,1,Wilsons Point,P,
F5,F,SW-WSW,7.8,2,Colliers,P,
F5,F,SW-WSW,7.8,3,Northey Point,S,
F5,F,SW-WSW,7.8,4,West Point,S,
F5,F,SW-WSW,7.8,5,Mundon,S,
F5,F,SW-WSW,7.8,6,West Point,S,
F5,F,SW-WSW,7.8,7,Mundon,S,
F5,F,SW-WSW,7.8,8,West Point,S,
F5,F,SW-WSW,7.8,9,Midway,S,
F5,F,SW-WSW,7.8,10,Millbeach,P,
F5,F,SW-WSW,7.8,11,Finish,,
F6,F,SW-WSW,9.0,1,Wilsons Point,P,
F6,F,SW-WSW,9.0,2,Colliers,P,
F6,F,SW-WSW,9.0,3,Northey Point,S,
F6,F,SW-WSW,9.0,4,West Point,S,
F6,F,SW-WSW,9.0,5,Mundon,S,
F6,F,SW-WSW,9.0,6,Beacons,S,
F6,F,SW-WSW,9.0,7,Ford Creek,S,
F6,F,SW-WSW,9.0,8,New Hall,S,
F6,F,SW-WSW,9.0,9,Midway,S,
F6,F,SW-WSW,9.0,10,Beacons,S,
F6,F,SW-WSW,9.0,11,West Point,S,
F6,F,SW-WSW,9.0,12,Mundon,S,
F6,F,SW-WSW,9.0,13,Millbeach,P,
F6,F,SW-WSW,9.0,14,Finish,,
FZ1,FZ,WSW-W,2.1,1,Nipper,P,
FZ1,FZ,WSW-W,2.1,2,Colliers,P,
FZ1,FZ,WSW-W,2.1,3,Northey Point,S,
FZ1,FZ,WSW-W,2.1,4,Topper,S,
FZ1,FZ,WSW-W,2.1,5,Northey Point,S,
FZ1,FZ,WSW-W,2.1,6,Ballast Hole,S,
FZ1,FZ,WSW-W,2.1,7,Topper,S,
FZ1,FZ,WSW-W,2.1,8,Northey Point,S,
FZ1,FZ,WSW-W,2.1,9,Millbeach,P,
FZ1,FZ,WSW-W,2.1,10,Finish,,
FZ2,FZ,WSW-W,3.2,1,Lock,P,
FZ2,FZ,WSW-W,3.2,2,Colliers,P,
FZ2,FZ,WSW-W,3.2,3,Northey Point,S,
FZ2,FZ,WSW-W,3.2,4,Mumbys,P,
FZ2,FZ,WSW-W,3.2,5,Osea Road,S,
FZ2,FZ,WSW-W,3.2,6,Muddy Cove,S,
FZ2,FZ,WSW-W,3.2,7,Sandy Bight,S,
FZ2,FZ,WSW-W,3.2,8,Osea Road,S,
FZ2,FZ,WSW-W,3.2,9,Muddy Cove,S,
FZ2,FZ,WSW-W,3.2,10,Northey Point,S,
FZ2,FZ,WSW-W,3.2,11,Topper,S,
FZ2,FZ,WSW-W,3.2,12,Northey Point,S,
FZ2,FZ,WSW-W,3.2,13,Millbeach,P,
FZ2,FZ,WSW-W,3.2,14,Finish,,
FZ3,FZ,WSW-W,4.1,1,Lock,P,
FZ3,FZ,WSW-W,4.1,2,Colliers,P,
FZ3,FZ,WSW-W,4.1,3,Northey Point,S,
FZ3,FZ,WSW-W,4.1,4,Shambles,S,
FZ3,FZ,WSW-W,4.1,5,Clarks,S,
FZ3,FZ,WSW-W,4.1,6,Shambles,S,
FZ3,FZ,WSW-W,4.1,7,Clarks,S,
FZ3,FZ,WSW-W,4.1,8,Sandy Bight,S,
FZ3,FZ,WSW-W,4.1,9,Osea Road,S,
FZ3,FZ,WSW-W,4.1,10,Muddy Cove,S,
FZ3,FZ,WSW-W,4.1,11,Millbeach,P,
FZ3,FZ,WSW-W,4.1,12,Finish,,
FZ4,FZ,WSW-W,5.3,1,Lock,P,
FZ4,FZ,WSW-W,5.3,2,Colliers,P,
FZ4,FZ,WSW-W,5.3,3,Northey Point,S,
FZ4,FZ,WSW-W,5.3,4,West Point,S,
FZ4,FZ,WSW-W,5.3,5,Midway,S,
FZ4,FZ,WSW-W,5.3,6,Beacons,P,
FZ4,FZ,WSW-W,5.3,7,Clarks,S,
FZ4,FZ,WSW-W,5.3,8,Sandy Bight,S,
FZ4,FZ,WSW-W,5.3,9,Osea Road,S,
FZ4,FZ,WSW-W,5.3,10,Muddy Cove,S,
FZ4,FZ,WSW-W,5.3,11,Millbeach,P,
FZ4,FZ,WSW-W,5.3,12,Finish,,
FZ5,FZ,WSW-W,6.6,1,Lock,P,
FZ5,FZ,WSW-W,6.6,2,Colliers,P,
FZ5,FZ,WSW-W,6.6,3,Northey Point,S,
FZ5,FZ,WSW-W,6.6,4,Ford Creek,S,
FZ5,FZ,WSW-W,6.6,5,Mundon,S,
FZ5,FZ,WSW-W,6.6,6,Midway,S,
FZ5,FZ,WSW-W,6.6,7,West Point,S,
FZ5,FZ,WSW-W,6.6,8,Midway,S,
FZ5,FZ,WSW-W,6.6,9,Clarks,S,
FZ5,FZ,WSW-W,6.6,10,Shambles,S,
FZ5,FZ,WSW-W,6.6,11,Clarks,S,
FZ5,FZ,WSW-W,6.6,12,Millbeach,P,
FZ5,FZ,WSW-W,6.6,13,Finish,,
FZ6,FZ,WSW-W,8.3,1,Lock,P,
FZ6,FZ,WSW-W,8.3,2,Colliers,P,
FZ6,FZ,WSW-W,8.3,3,Northey Point,S,
FZ6,FZ,WSW-W,8.3,4,Ford Creek,S,
FZ6,FZ,WSW-W,8.3,5,Mundon,S,
FZ6,FZ,WSW-W,8.3,6,Ford Creek,S,
FZ6,FZ,WSW-W,8.3,7,Mundon,S,
FZ6,FZ,WSW-W,8.3,8,Midway,S,
FZ6,FZ,WSW-W,8.3,9,West Point,S,
FZ6,FZ,WSW-W,8.3,10,Midway,S,
FZ6,FZ,WSW-W,8.3,11,Clarks,S,
FZ6,FZ,WSW-W,8.3,12,Shambles,S,
FZ6,FZ,WSW-W,8.3,13,Clarks,S,
FZ6,FZ,WSW-W,8.3,14,Millbeach,P,
FZ6,FZ,WSW-W,8.3,15,Finish,,
G1,G,W-WNW,2.2,1,Nipper,P,
G1,G,W-WNW,2.2,2,Colliers,P,
G1,G,W-WNW,2.2,3,Northey Point,S,
G1,G,W-WNW,2.2,4,Sandy Bight,S,
G1,G,W-WNW,2.2,5,Northey Point,S,
G1,G,W-WNW,2.2,6,Topper,S,
G1,G,W-WNW,2.2,7,Sandy Bight,S,
G1,G,W-WNW,2.2,8,Northey Point,S,
G1,G,W-WNW,2.2,9,Millbeach,P,
G1,G,W-WNW,2.2,10,Finish,,
G2,G,W-WNW,3.0,1,Lock,P,
G2,G,W-WNW,3.0,2,Colliers,P,
G2,G,W-WNW,3.0,3,Northey Point,S,
G2,G,W-WNW,3.0,4,Osea Road,S,
G2,G,W-WNW,3.0,5,Northey Point,S,
G2,G,W-WNW,3.0,6,Topper,S,
G2,G,W-WNW,3.0,7,Osea Road,S,
G2,G,W-WNW,3.0,8,Northey Point,S,
G2,G,W-WNW,3.0,9,Millbeach,P,
G2,G,W-WNW,3.0,10,Finish,,
G3,G,W-WNW,4.3,1,Lock,P,
G3,G,W-WNW,4.3,2,Colliers,P,
G3,G,W-WNW,4.3,3,Northey Point,S,
G3,G,W-WNW,4.3,4,Beacons,S,
G3,G,W-WNW,4.3,5,Muddy Cove,S,
G3,G,W-WNW,4.3,6,Sandy Bight,S,
G3,G,W-WNW,4.3,7,Osea Road,S,
G3,G,W-WNW,4.3,8,Northey Point,S,
G3,G,W-WNW,4.3,9,Topper,S,
G3,G,W-WNW,4.3,10,Sandy Bight,S,
G3,G,W-WNW,4.3,11,Northey Point,S,
G3,G,W-WNW,4.3,12,Millbeach,P,
G3,G,W-WNW,4.3,13,Finish,,
G4,G,W-WNW,5.2,1,Lock,P,
G4,G,W-WNW,5.2,2,Colliers,P,
G4,G,W-WNW,5.2,3,Northey Point,S,
G4,G,W-WNW,5.2,4,Ford Creek,S,
G4,G,W-WNW,5.2,5,Clarks,S,
G4,G,W-WNW,5.2,6,Osea Road,S,
G4,G,W-WNW,5.2,7,Shambles,S,
G4,G,W-WNW,5.2,8,Mumbys,S,
G4,G,W-WNW,5.2,9,Topper,S,
G4,G,W-WNW,5.2,10,Sandy Bight,S,
G4,G,W-WNW,5.2,11,Northey Point,S,
G4,G,W-WNW,5.2,12,Millbeach,P,
G4,G,W-WNW,5.2,13,Finish,,
G5,G,W-WNW,7.3,1,Lock,P,
G5,G,W-WNW,7.3,2,Colliers,P,
G5,G,W-WNW,7.3,3,Northey Point,S,
G5,G,W-WNW,7.3,4,Ford Creek,S,
G5,G,W-WNW,7.3,5,Clarks,S,
G5,G,W-WNW,7.3,6,Ford Creek,S,
G5,G,W-WNW,7.3,7,Clarks,S,
G5,G,W-WNW,7.3,8,West Point,S,Full
G5,G,W-WNW,7.3,9,Mumbys,S,
G5,G,W-WNW,7.3,10,Millbeach,P,
G5,G,W-WNW,7.3,11,Finish,,
G6,G,W-WNW,8.3,1,Lock,P,
G6,G,W-WNW,8.3,2,Colliers,P,
G6,G,W-WNW,8.3,3,Northey Point,S,
G6,G,W-WNW,8.3,4,Ford Creek,S,
G6,G,W-WNW,8.3,5,Clarks,S,
G6,G,W-WNW,8.3,6,Shambles,S,
G6,G,W-WNW,8.3,7,West Point,S,
G6,G,W-WNW,8.3,8,Coopers Creek,S,
G6,G,W-WNW,8.3,9,New Hall,S,
G6,G,W-WNW,8.3,10,Midway,S,
G6,G,W-WNW,8.3,11,Topper,S,
G6,G,W-WNW,8.3,12,Shambles,S,
G6,G,W-WNW,8.3,13,Mumbys,S,
G6,G,W-WNW,8.3,14,Millbeach,P,
G6,G,W-WNW,8.3,15,Finish,,
GZ1,GZ,WNW-NW,2.1,1,Nipper,P,
GZ1,GZ,WNW-NW,2.1,2,Colliers,P,
GZ1,GZ,WNW-NW,2.1,3,Northey Point,S,
GZ1,GZ,WNW-NW,2.1,4,Sandy Bight,P,
GZ1,GZ,WNW-NW,2.1,5,Ballast Hole,P,
GZ1,GZ,WNW-NW,2.1,6,Topper,S,
GZ1,GZ,WNW-NW,2.1,7,Mudbank,P,
GZ1,GZ,WNW-NW,2.1,8,Finish,,
GZ2,GZ,WNW-NW,3.4,1,Nipper,P,
GZ2,GZ,WNW-NW,3.4,2,Colliers,P,
GZ2,GZ,WNW-NW,3.4,3,Northey Point,S,
GZ2,GZ,WNW-NW,3.4,4,Osea Road,P,
GZ2,GZ,WNW-NW,3.4,5,Ballast Hole,P,
GZ2,GZ,WNW-NW,3.4,6,Clarks,P,
GZ2,GZ,WNW-NW,3.4,7,Osea Road,P,
GZ2,GZ,WNW-NW,3.4,8,Mudbank,P,
GZ2,GZ,WNW-NW,3.4,9,Finish,,
GZ3,GZ,WNW-NW,4.0,1,Lock,P,
GZ3,GZ,WNW-NW,4.0,2,Colliers,P,
GZ3,GZ,WNW-NW,4.0,3,Northey Point,S,
GZ3,GZ,WNW-NW,4.0,4,Kraken,S,
GZ3,GZ,WNW-NW,4.0,5,Muddy Cove,S,
GZ3,GZ,WNW-NW,4.0,6,Osea Road,P,
GZ3,GZ,WNW-NW,4.0,7,Mudbank,P,
GZ3,GZ,WNW-NW,4.0,8,Finish,,
GZ4,GZ,WNW-NW,5.7,1,Lock,P,
GZ4,GZ,WNW-NW,5.7,2,Colliers,P,
GZ4,GZ,WNW-NW,5.7,3,Northey Point,S,
GZ4,GZ,WNW-NW,5.7,4,Kraken,S,
GZ4,GZ,WNW-NW,5.7,5,Muddy Cove,S,
GZ4,GZ,WNW-NW,5.7,6,Beacons,S,
GZ4,GZ,WNW-NW,5.7,7,Ford Creek,S,
GZ4,GZ,WNW-NW,5.7,8,Mudbank,P,
GZ4,GZ,WNW-NW,5.7,9,Finish,,
GZ5,GZ,WNW-NW,7.0,1,Lock,P,
GZ5,GZ,WNW-NW,7.0,2,Colliers,P,
GZ5,GZ,WNW-NW,7.0,3,Northey Point,S,
GZ5,GZ,WNW-NW,7.0,4,Kraken,S,
GZ5,GZ,WNW-NW,7.0,5,Muddy Cove,S,
GZ5,GZ,WNW-NW,7.0,6,Beacons,S,
GZ5,GZ,WNW-NW,7.0,7,West Point,S,
GZ5,GZ,WNW-NW,7.0,8,Osea Road,P,
GZ5,GZ,WNW-NW,7.0,9,Ford Creek,S,
GZ5,GZ,WNW-NW,7.0,10,Mudbank,P,
GZ5,GZ,WNW-NW,7.0,11,Finish,,
GZ6,GZ,WNW-NW,8.2,1,Lock,P,
GZ6,GZ,WNW-NW,8.2,2,Colliers,P,
GZ6,GZ,WNW-NW,8.2,3,Northey Point,S,
GZ6,GZ,WNW-NW,8.2,4,Doctor,S,
GZ6,GZ,WNW-NW,8.2,5,Coopers Creek,S,
GZ6,GZ,WNW-NW,8.2,6,Midway,S,
GZ6,GZ,WNW-NW,8.2,7,Beacons,S,
GZ6,GZ,WNW-NW,8.2,8,West Point,S,
GZ6,GZ,WNW-NW,8.2,9,Osea Road,P,
GZ6,GZ,WNW-NW,8.2,10,Ford Creek,S,
GZ6,GZ,WNW-NW,8.2,11,Mudbank,P,
GZ6,GZ,WNW-NW,8.2,12,Finish,,
H1,H,NW-NNW,2.3,1,Ballast Hole,S,
H1,H,NW-NNW,2.3,2,Muddy Cove,S,
H1,H,NW-NNW,2.3,3,Ballast Hole,S,
H1,H,NW-NNW,2.3,4,Topper,S,
H1,H,NW-NNW,2.3,5,Northey Point,S,
H1,H,NW-NNW,2.3,6,Millbeach,P,
H1,H,NW-NNW,2.3,7,Finish,,
H2,H,NW-NNW,3.3,1,Ballast Hole,S,
H2,H,NW-NNW,3.3,2,Clarks,S,
H2,H,NW-NNW,3.3,3,Ballast Hole,S,
H2,H,NW-NNW,3.3,4,Osea Road,S,
H2,H,NW-NNW,3.3,5,Clarks,S,
H2,H,NW-NNW,3.3,6,Millbeach,P,
H2,H,NW-NNW,3.3,7,Finish,,
H3,H,NW-NNW,4.4,1,Ballast Hole,S,
H3,H,NW-NNW,4.4,2,Shambles,S,
H3,H,NW-NNW,4.4,3,Clarks,S,
H3,H,NW-NNW,4.4,4,Ballast Hole,S,
H3,H,NW-NNW,4.4,5,Shambles,S,
H3,H,NW-NNW,4.4,6,Clarks,S,
H3,H,NW-NNW,4.4,7,Millbeach,P,
H3,H,NW-NNW,4.4,8,Finish,,
H4,H,NW-NNW,5.3,1,Ballast Hole,S,
H4,H,NW-NNW,5.3,2,Kraken,S,
H4,H,NW-NNW,5.3,3,Clarks,S,
H4,H,NW-NNW,5.3,4,Shambles,S,
H4,H,NW-NNW,5.3,5,Kraken,S,
H4,H,NW-NNW,5.3,6,Millbeach,P,
H4,H,NW-NNW,5.3,7,Finish,,
H5,H,NW-NNW,6.8,1,Ballast Hole,S,
H5,H,NW-NNW,6.8,2,Kraken,S,
H5,H,NW-NNW,6.8,3,Clarks,S,
H5,H,NW-NNW,6.8,4,Kraken,S,Full
H5,H,NW-NNW,6.8,5,Osea Road,S,
H5,H,NW-NNW,6.8,6,Shambles,S,
H5,H,NW-NNW,6.8,7,Kraken,S,
H5,H,NW-NNW,6.8,8,Millbeach,P,
H5,H,NW-NNW,6.8,9,Finish,,
H6,H,NW-NNW,8.7,1,Ballast Hole,S,
H6,H,NW-NNW,8.7,2,Ford Creek,S,
H6,H,NW-NNW,8.7,3,Kraken,S,
H6,H,NW-NNW,8.7,4,Clarks,S,
H6,H,NW-NNW,8.7,5,Shambles,S,
H6,H,NW-NNW,8.7,6,West Point,S,
H6,H,NW-NNW,8.7,7,Coopers Creek,S,
H6,H,NW-NNW,8.7,8,Clarks,S,
H6,H,NW-NNW,8.7,9,Shambles,S,
H6,H,NW-NNW,8.7,10,Kraken,S,
H6,H,NW-NNW,8.7,11,Millbeach,P,
H6,H,NW-NNW,8.7,12,Finish,,
HZ1,HZ,NNW-N,2.0,1,Ballast Hole,S,
HZ1,HZ,NNW-N,2.0,2,Mumbys,P,
HZ1,HZ,NNW-N,2.0,3,Osea Road,S,
HZ1,HZ,NNW-N,2.0,4,Clarks,S,
HZ1,HZ,NNW-N,2.0,5,Millbeach,P,
HZ1,HZ,NNW-N,2.0,6,Finish,,
HZ2,HZ,NNW-N,3.2,1,Ballast Hole,S,
HZ2,HZ,NNW-N,3.2,2,Mumbys,P,
HZ2,HZ,NNW-N,3.2,3,Osea Road,S,
HZ2,HZ,NNW-N,3.2,4,Clarks,S,
HZ2,HZ,NNW-N,3.2,5,Millbeach,P,
HZ2,HZ,NNW-N,3.2,6,Mumbys,P,
HZ2,HZ,NNW-N,3.2,7,Sandy Bight,S,
HZ2,HZ,NNW-N,3.2,8,Muddy Cove,S,
HZ2,HZ,NNW-N,3.2,9,Millbeach,P,
HZ2,HZ,NNW-N,3.2,10,Finish,,
HZ3,HZ,NNW-N,4.3,1,Ballast Hole,S,
HZ3,HZ,NNW-N,4.3,2,Mumbys,P,
HZ3,HZ,NNW-N,4.3,3,Sandy Bight,S,
HZ3,HZ,NNW-N,4.3,4,Beacons,S,
HZ3,HZ,NNW-N,4.3,5,Clarks,S,
HZ3,HZ,NNW-N,4.3,6,Millbeach,P,
HZ3,HZ,NNW-N,4.3,7,Mumbys,P,
HZ3,HZ,NNW-N,4.3,8,Sandy Bight,S,
HZ3,HZ,NNW-N,4.3,9,Clarks,S,
HZ3,HZ,NNW-N,4.3,10,Millbeach,P,
HZ3,HZ,NNW-N,4.3,11,Finish,,
HZ4,HZ,NNW-N,5.6,1,Ballast Hole,S,
HZ4,HZ,NNW-N,5.6,2,Mumbys,P,
HZ4,HZ,NNW-N,5.6,3,Beacons,S,
HZ4,HZ,NNW-N,5.6,4,Kraken,S,
HZ4,HZ,NNW-N,5.6,5,Shambles,P,
HZ4,HZ,NNW-N,5.6,6,Mundon,S,
HZ4,HZ,NNW-N,5.6,7,Sandy Bight,S,
HZ4,HZ,NNW-N,5.6,8,Osea Road,S,
HZ4,HZ,NNW-N,5.6,9,Clarks,S,
HZ4,HZ,NNW-N,5.6,10,Millbeach,P,
HZ4,HZ,NNW-N,5.6,11,Finish,,
HZ5,HZ,NNW-N,7.4,1,Ballast Hole,S,
HZ5,HZ,NNW-N,7.4,2,Mumbys,P,
HZ5,HZ,NNW-N,7.4,3,Beacons,S,
HZ5,HZ,NNW-N,7.4,4,Coopers Creek,S,
HZ5,HZ,NNW-N,7.4,5,Shambles,P,
HZ5,HZ,NNW-N,7.4,6,Kraken,S,
HZ5,HZ,NNW-N,7.4,7,Osea Road,S,
HZ5,HZ,NNW-N,7.4,8,Beacons,S,
HZ5,HZ,NNW-N,7.4,9,Midway,S,
HZ5,HZ,NNW-N,7.4,10,Millbeach,P,
HZ5,HZ,NNW-N,7.4,11,Finish,,
HZ6,HZ,NNW-N,8.1,1,Ballast Hole,S,
HZ6,HZ,NNW-N,8.1,2,Mumbys,P,
HZ6,HZ,NNW-N,8.1,3,Beacons,S,
HZ6,HZ,NNW-N,8.1,4,Coopers Creek,S,
HZ6,HZ,NNW-N,8.1,5,Shambles,P,
HZ6,HZ,NNW-N,8.1,6,New Hall,S,
HZ6,HZ,NNW-N,8.1,7,Clarks,S,
HZ6,HZ,NNW-N,8.1,8,Beacons,S,
HZ6,HZ,NNW-N,8.1,9,Kraken,S,
HZ6,HZ,NNW-N,8.1,10,Millbeach,P,
HZ6,HZ,NNW-N,8.1,11,Finish,,
